,AP1,Att,CarAV,Cmp,College,DrAge,From,G,GS,Int,Link,PB,Pick,Player,Pos,QBrec,Rnd,RushAtt,RushTD,RushYds,St,TD,Tm,To,Yds,Year,college_atts,college_cmps,college_rushAtts,college_rushTds,college_rushYds,college_tds,college_yds,conf,ht,wt
0,0,651,7,406,North Carolina,23,2017,22,22,16,,0,2,Mitchell Trubisky,QB,11-11-0,1,92,5,611,2,27,CHI,2018,4662,2017,572,386,120,8,439,41,4762,ACC,6-2,222lb
1,0,426,1,286,Texas Tech,21,2017,12,12,11,,0,10,Patrick Mahomes,QB,10-2-0,1,49,2,196,1,37,KAN,2018,3912,2017,1349,857,308,22,845,93,11252,Big 12,6-3,230lb
2,0,513,7,327,Clemson,21,2017,17,16,17,,0,12,Deshaun Watson,QB,10-6-0,1,89,3,544,1,37,HOU,2018,4296,2017,1207,814,435,26,1934,90,10168,ACC,6-3,215lb
3,0,483,5,259,Notre Dame,21,2017,16,15,23,,0,52,DeShone Kizer,QB,0-15-0,2,77,5,419,1,11,CLE,2018,2949,2017,695,422,264,18,997,47,5805,Ind,6-4,233lb
4,0,,,,California,22,,,,,,0,87,Davis Webb,QB,,3,,,,0,,NYG,,,2017,1367,841,77,9,-100,83,9852,Pac-12,6-5,229lb
5,0,393,4,225,Iowa,23,2017,13,10,13,,0,104,C.J. Beathard,QB,1-9-0,3,45,4,205,1,12,SFO,2018,2682,2017,782,454,224,10,429,40,5562,Big Ten,6-2,219lb
6,0,3,0,2,Tennessee,22,2018,4,0,0,,0,135,Joshua Dobbs,QB,,4,2,0,-4,0,0,PIT,2018,19,2017,999,614,438,32,2160,53,7138,SEC,6-3,210lb
7,0,130,1,68,Pittsburgh,23,2017,8,4,12,,0,171,Nathan Peterman,QB,1-3-0,5,17,1,73,0,3,BUF,2018,548,2017,662,398,172,5,525,47,5236,ACC,6-2,225lb
8,0,,,,Miami (FL),22,,,,,,0,215,Brad Kaaya,QB,,6,,,,0,,DET,,,2017,1188,720,94,4,-386,69,9968,ACC,6-4,215lb
9,0,,0,,Mississippi,23,2018,1,0,,,0,253,Chad Kelly,QB,,7,1,0,-1,0,,DEN,2018,,2017,803,513,203,16,958,50,6858,SEC,6-2,224lb
10,0,1063,13,666,California,21,2016,33,33,20,,1,1,Jared Goff,QB,21-12-0,1,71,3,155,2,59,LAR,2018,8440,2016,1568,977,170,1,-114,96,12195,Pac-12,6-4,215lb
11,0,1349,24,854,North Dakota St.,23,2016,37,37,27,,1,2,Carson Wentz,QB,21-16-0,1,134,2,551,3,64,PHI,2018,9382,2016,612,392,216,13,1028,45,5115,MVC,6-6,235lb
12,0,128,2,79,Memphis,22,2016,5,4,4,,0,26,Paxton Lynch,QB,1-3-0,1,16,0,55,0,4,DEN,2017,792,2016,1205,758,288,17,687,59,8863,American,6-7,245lb
13,0,,,,Penn St.,21,,,,,,0,51,Christian Hackenberg,QB,,2,,,,0,,NYJ,,,2016,1235,693,208,6,-242,48,8457,Big Ten,6-4,234lb
14,0,527,13,311,North Carolina St.,22,2016,22,17,7,,0,91,Jacoby Brissett,QB,5-12-0,3,86,5,336,1,13,NWE,2018,3496,2016,839,499,283,12,902,46,5723,ACC,6-4,235lb
15,0,248,3,160,USC,23,2016,13,8,4,,0,93,Cody Kessler,QB,0-8-0,3,14,0,25,1,7,CLE,2018,1662,2016,1261,851,158,7,-425,88,10339,Pac-12,6-1,215lb
16,0,21,0,14,Michigan St.,23,2016,1,0,1,,0,100,Connor Cook,QB,,4,,,,0,1,OAK,2016,150,2016,1170,673,176,3,209,71,9194,Big Ten,6-4,220lb
17,0,1285,29,838,Mississippi St.,23,2016,43,43,22,,1,135,Dak Prescott,QB,28-15-0,4,172,17,918,3,58,DAL,2018,9418,2016,1169,734,536,41,2521,70,9376,SEC,6-2,230lb
18,0,11,0,6,Ohio St.,23,2016,1,0,1,,0,139,Cardale Jones,QB,,4,1,0,-1,0,0,BUF,2016,96,2016,269,166,153,4,617,15,2322,Big Ten,6-5,250lb
19,0,101,2,60,Stanford,23,2016,8,1,7,,0,162,Kevin Hogan,QB,0-1-0,5,18,1,176,0,4,KAN,2017,621,2016,1103,727,315,15,1249,75,9385,Pac-12,6-4,218lb
20,0,23,1,19,Indiana,22,2017,1,0,0,,0,187,Nate Sudfeld,QB,,6,1,0,22,0,0,WAS,2017,134,2016,983,593,135,8,132,61,7879,Big Ten,6-6,240lb
21,0,5,0,3,Michigan,23,2017,3,0,1,,0,191,Jake Rudock,QB,,6,,,,0,0,DET,2017,24,2016,1080,666,192,12,560,54,7836,Big Ten,6-3,208lb
22,0,,,,Arkansas,24,,,,,,0,201,Brandon Allen,QB,,6,,,,0,,JAX,,,2016,1016,583,134,4,136,64,7463,SEC,6-2,210lb
23,0,7,0,6,Louisiana Tech,23,2018,3,0,0,,0,207,Jeff Driskel,QB,,6,3,1,40,0,0,SFO,2018,84,2016,1000,607,312,14,972,50,7437,CUSA,6-4,231lb
24,0,,,,West. Kentucky,24,,,,,,0,223,Brandon Doughty,QB,,7,,,,0,,MIA,,,2016,1491,1023,102,3,-285,111,12855,CUSA,6-3,220lb
25,0,1708,33,1047,Florida St.,21,2015,50,48,55,,1,1,Jameis Winston,QB,19-29-0,1,164,9,638,3,77,TAM,2018,13016,2015,851,562,145,7,284,65,7964,ACC,6-4,230lb
26,0,1490,33,933,Oregon,21,2015,51,50,40,,0,2,Marcus Mariota,QB,23-27-0,1,201,11,1168,4,65,TEN,2018,11059,2015,1167,779,337,29,2237,105,10796,Pac-12,6-2,248lb
27,0,,0,,Colorado St.,24,2015,1,0,,,0,75,Garrett Grayson,QB,,3,,,,0,,NOR,2015,,2015,1113,688,212,4,283,64,9190,MWC,6-2,220lb
28,0,50,1,31,Oregon St.,23,2015,8,1,1,,0,89,Sean Mannion,QB,0-1-0,3,13,0,-2,0,0,STL,2018,235,2015,1838,1187,132,2,-804,83,13600,Pac-12,6-5,227lb
29,0,245,4,130,Baylor,24,2016,10,7,10,,0,103,Bryce Petty,QB,1-6-0,4,12,0,74,0,4,NYJ,2017,1353,2015,845,530,192,21,338,62,8195,Big 12,6-3,230lb
30,0,326,5,194,UCLA,22,2016,15,9,13,,0,147,Brett Hundley,QB,3-6-0,5,39,2,268,1,9,GNB,2017,1853,2015,1241,837,479,30,1747,75,9966,Pac-12,6-3,227lb
32,0,2575,40,1529,Central Florida,22,2014,72,71,72,,0,3,Blake Bortles,QB,24-47-0,1,267,8,1696,5,102,JAX,2018,17373,2014,891,585,195,15,561,56,7598,American,6-4,230lb
33,0,258,5,147,Texas A&M,21,2014,15,8,7,,0,22,Johnny Manziel,QB,2-6-0,1,46,1,259,0,7,CLE,2015,1675,2014,863,595,345,30,2169,63,7820,SEC,6-1,210lb
34,0,852,22,551,Louisville,21,2014,34,28,22,,1,32,Teddy Bridgewater,QB,17-11-0,1,101,4,391,2,28,MIN,2018,6150,2014,1142,781,226,6,170,72,9817,American,6-3,196lb
35,0,2598,38,1625,Fresno St.,23,2014,72,72,52,,3,36,Derek Carr,QB,30-42-0,2,142,1,409,5,115,OAK,2018,17323,2014,1630,1087,164,5,190,113,12843,MWC,6-3,218lb
37,0,10,1,2,Virginia Tech,23,2014,22,4,0,,0,120,Logan Thomas,QB,,4,,,,0,1,ARI,2018,96,2014,1248,693,495,24,1359,52,9003,ACC,6-6,254lb
38,0,315,4,181,Pittsburgh,24,2014,13,9,7,,0,135,Tom Savage,QB,2-7-0,4,16,0,8,0,5,HOU,2017,2000,2014,757,430,167,4,-319,37,5690,ACC,6-5,230lb
39,0,,0,,Georgia,23,2014,0,,,,0,163,Aaron Murray,QB,,5,,,,0,,KAN,2014,,2014,1478,921,286,16,396,121,13166,SEC,6-1,208lb
40,0,136,3,87,Alabama,23,2014,12,3,2,,0,164,A.J. McCarron,QB,2-1-0,5,15,0,31,0,6,CIN,2018,928,2014,1026,686,119,3,-50,77,9019,SEC,6-4,214lb
41,0,345,1,208,LSU,23,2014,14,10,14,,0,178,Zach Mettenberger,QB,0-10-0,6,14,1,12,0,12,TEN,2015,2347,2014,659,407,83,0,-313,35,5783,SEC,6-5,235lb
42,0,48,1,31,San Jose St.,23,2014,3,0,1,,0,183,David Fales,QB,,6,5,1,8,0,1,CHI,2017,287,2014,938,639,90,2,-132,66,8382,MWC,6-3,220lb
43,0,,0,,Ball St.,23,2014,0,,,,0,194,Keith Wenning,QB,,6,,,,0,,BAL,2014,,2014,1642,1035,190,13,328,92,11402,MAC,6-3,220lb
44,0,,,,Clemson,23,,,,,,0,213,Tajh Boyd,QB,,6,,,,0,,NYJ,,,2014,1402,901,505,26,1165,107,11904,ACC,6-0,222lb
45,0,,0,,SMU,23,2014,0,,,,0,214,Garrett Gilbert,QB,,6,,,,0,,STL,2014,,2014,1548,908,295,20,1013,49,9761,American,6-4,223lb
46,0,590,10,343,Florida St.,23,2013,30,18,16,,0,16,EJ Manuel,QB,6-12-0,1,96,4,339,1,20,BUF,2017,3767,2013,897,600,298,11,827,47,7741,ACC,,
47,0,903,15,523,West Virginia,22,2013,37,31,36,,0,39,Geno Smith,QB,12-19-0,2,142,7,656,2,29,NYJ,2018,6182,2013,1465,988,245,4,342,98,11662,Big 12,,
48,0,770,13,467,North Carolina St.,23,2013,25,22,20,,0,73,Mike Glennon,QB,6-16-0,3,41,0,90,1,34,TAM,2017,4933,2013,1069,646,111,3,-280,63,7411,ACC,,
49,0,291,2,174,USC,22,2013,12,7,18,,0,98,Matt Barkley,QB,2-5-0,4,15,0,-2,0,10,PHI,2018,2143,2013,1562,1001,132,6,-113,116,12327,Pac-12,,
50,0,10,0,9,Syracuse,23,2014,5,0,0,,0,110,Ryan Nassib,QB,,4,2,0,-3,0,1,NYG,2015,128,2013,1312,791,242,5,168,70,9190,Big East,,
51,0,,,,Arkansas,24,,,,,,0,112,Tyler Wilson,QB,,4,,,,0,,OAK,,,2013,948,593,110,4,-44,52,7765,SEC,5-11,170lb
52,0,169,4,108,Oklahoma,24,2013,19,5,7,,0,115,Landry Jones,QB,3-2-0,4,19,0,-19,0,8,PIT,2017,1310,2013,2183,1388,132,3,-375,123,16646,Big 12,,
54,0,,0,,Miami (OH),23,2014,0,,,,0,234,Zac Dysert,QB,,7,,,,0,,DEN,2014,,2013,1672,1066,461,12,665,73,12013,MAC,,
55,0,2,0,1,South Florida,24,2014,8,0,0,,0,237,B.J. Daniels,QB,,7,6,0,6,0,0,SFO,2015,7,2013,1132,649,526,25,2068,52,8433,Big East,,
56,0,7,0,3,Duke,23,2014,2,0,1,,0,249,Sean Renfree,QB,,7,1,0,-4,0,0,ATL,2015,11,2013,1389,898,153,9,-167,51,9465,ACC,,
57,0,3051,59,1839,Stanford,22,2012,80,80,77,,3,1,Andrew Luck,QB,48-32-0,1,307,14,1503,5,161,IND,2018,21847,2012,1064,713,163,7,957,82,9430,Pac-12,,
58,0,1210,35,766,Baylor,22,2012,43,40,26,,1,2,Robert Griffin,QB,15-25-0,1,275,10,1670,2,42,WAS,2018,8983,2012,1192,800,528,33,2254,78,10366,Big 12,,
59,0,2766,50,1738,Texas A&M,24,2012,82,82,71,,0,8,Ryan Tannehill,QB,40-42-0,1,235,6,1156,6,114,MIA,2018,19427,2012,774,484,115,5,369,42,5450,Big 12,,
60,0,965,14,559,Oklahoma St.,28,2012,35,25,30,,0,22,Brandon Weeden,QB,6-19-0,1,62,1,200,1,31,CLE,2018,6462,2012,1103,767,39,1,-150,75,9260,Big 12,,
61,0,1165,12,697,Arizona St.,21,2012,48,30,31,,0,57,Brock Osweiler,QB,15-15-0,2,92,4,266,2,37,DEN,2018,7418,2012,680,412,137,4,221,33,5082,Pac-12,,
62,0,3112,88,1999,Wisconsin,23,2012,106,106,61,,4,75,Russell Wilson,QB,70-35-1,3,616,16,3502,7,184,SEA,2018,24368,2012,1489,907,441,23,1421,109,11720,Big Ten,,
63,0,1468,24,887,Arizona,23,2012,51,41,30,,1,88,Nick Foles,QB,23-18-0,3,120,5,357,3,62,PHI,2018,10203,2012,1404,938,106,4,-290,67,10068,Pac-12,,
64,0,2505,41,1661,Michigan St.,24,2012,72,67,62,,1,102,Kirk Cousins,QB,31-34-2,4,151,14,465,4,118,WAS,2018,19153,2012,1128,723,111,1,-127,66,9131,Big Ten,,
65,0,274,-4,140,San Diego St.,23,2012,10,6,11,,0,185,Ryan Lindley,QB,1-5-0,6,4,0,7,0,3,ARI,2015,1372,2012,1732,961,90,2,-275,90,12690,MWC,,
67,0,,0,,Northern Illinois,24,2012,0,,,,0,253,Chandler Harnish,QB,,7,,,,0,,IND,2014,,2012,1110,687,538,24,2983,68,8944,MAC,,
68,1,3749,95,2226,Auburn,22,2011,119,118,100,,3,1,Cam Newton,QB,68-49-1,1,905,58,4674,8,178,CAR,2018,27517,2011,292,191,285,24,1586,30,2908,SEC,,
69,0,709,15,408,Washington,23,2011,30,23,22,,0,8,Jake Locker,QB,9-14-0,1,95,5,644,1,27,TEN,2014,4967,2011,1147,619,454,29,1939,53,7639,Pac-10,,
70,0,1458,14,817,Missouri,21,2011,52,47,45,,0,10,Blaine Gabbert,QB,13-34-0,1,173,3,633,3,46,JAX,2018,8797,2011,933,568,221,8,458,40,6822,Big 12,,
71,0,1057,22,632,Florida St.,23,2011,38,36,36,,0,12,Christian Ponder,QB,14-21-1,1,126,7,639,3,38,MIN,2014,6658,2011,965,596,296,10,833,49,6872,ACC,,
72,0,3904,71,2433,TCU,23,2011,119,119,103,,3,35,Andy Dalton,QB,68-49-2,2,360,18,1127,8,187,CIN,2018,28000,2011,1317,812,413,22,1611,71,10314,MWC,,
73,0,1692,45,1011,Nevada,23,2011,69,58,30,,0,36,Colin Kaepernick,QB,28-30-0,2,375,13,2300,4,72,SFO,2016,12271,2011,1271,740,600,59,4112,82,10098,WAC,,
74,0,345,4,190,Arkansas,23,2012,21,8,10,,0,74,Ryan Mallett,QB,3-5-0,3,28,1,-5,0,9,NWE,2017,1835,2011,955,552,135,7,-141,69,8385,SEC,,
76,0,324,6,179,North Carolina,24,2011,22,10,11,,0,152,T.J. Yates,QB,4-6-0,5,28,1,107,0,10,HOU,2017,2057,2011,1277,795,220,7,-333,58,9377,ACC,,
77,0,,,,Idaho,23,,,,,,0,160,Nathan Enderle,QB,,5,,,,0,,CHI,,,2011,1427,779,228,3,-349,74,10084,WAC,,
78,0,1356,39,835,Virginia Tech,22,2011,62,46,20,,1,180,Tyrod Taylor,QB,23-21-1,6,326,16,1836,3,53,BAL,2018,9529,2011,865,495,501,23,2196,44,7017,ACC,,
79,0,31,1,19,Alabama,23,2012,2,1,1,,0,208,Greg McElroy,QB,0-1-0,7,8,0,30,0,1,NYJ,2012,214,2011,658,436,114,2,71,39,5691,SEC,,
80,0,2967,43,1855,Oklahoma,22,2010,83,83,61,,0,1,Sam Bradford,QB,34-48-1,1,146,2,340,5,103,STL,2018,19449,2010,893,604,77,5,36,88,8403,Big 12,,
81,0,361,12,173,Florida,23,2010,35,16,9,,0,25,Tim Tebow,QB,8-6-0,1,197,12,989,1,17,DEN,2012,2422,2010,995,661,692,57,2947,88,9285,SEC,,
82,0,472,3,255,Notre Dame,22,2010,22,14,14,,0,48,Jimmy Clausen,QB,1-13-0,2,37,0,102,1,7,CAR,2015,2520,2010,1110,695,175,5,-355,60,8148,Ind,,
83,0,892,12,538,Texas,24,2010,38,26,26,,0,85,Colt McCoy,QB,7-19-0,3,128,2,483,2,29,CLE,2018,5908,2010,1645,1157,447,20,1571,112,13253,Big 12,,
84,0,16,0,11,Northwestern,23,2011,4,0,2,,0,122,Mike Kafka,QB,,4,3,0,0,0,0,PHI,2014,107,2010,637,408,268,11,887,19,4265,Big Ten,,
87,0,45,1,23,Florida Atlantic,23,2010,3,1,4,,0,176,Rusty Smith,QB,0-1-0,6,,,,0,0,TEN,2012,234,2010,1361,768,115,5,-335,76,10112,Sun Belt,,
89,0,12,0,6,Cincinnati,24,2010,1,0,0,,0,204,Tony Pike,QB,,6,,,,0,0,CAR,2010,47,2010,682,421,94,3,128,49,5018,Big East,,
90,0,3,0,2,Troy,23,2010,1,0,1,,0,209,Levi Brown,QB,,7,,,,0,0,BUF,2010,24,2010,830,522,87,1,24,38,6284,Sun Belt,6-4,276lb
93,0,5256,85,3277,Georgia,21,2009,136,136,128,,1,1,Matthew Stafford,QB,64-72-0,1,292,14,1013,9,233,DET,2018,37590,2009,987,564,141,6,213,51,7731,SEC,,
94,0,2285,34,1295,USC,22,2009,77,72,86,,0,5,Mark Sanchez,QB,37-35-0,1,169,13,449,5,86,NYJ,2016,15219,2009,487,313,70,4,33,41,3965,Pac-10,,
95,0,2048,38,1179,Kansas St.,21,2009,62,61,68,,0,17,Josh Freeman,QB,25-36-0,1,205,4,946,4,81,TAM,2015,13873,2009,1151,680,214,20,343,44,8078,Big 12,,
96,0,5,1,0,West Virginia,23,2009,13,0,0,,0,44,Pat White,QB,,2,21,0,81,0,0,MIA,2009,0,2009,783,507,684,47,4480,56,6049,Big East,,
97,0,82,2,46,Texas A&M,23,2010,3,1,0,,0,101,Stephen McGee,QB,1-0-0,4,17,0,102,0,3,DAL,2011,420,2009,815,485,387,11,1750,28,5475,Big 12,,
100,0,2,0,0,Fresno St.,24,2011,1,0,0,,0,174,Tom Brandstater,QB,,6,,,,0,0,DEN,2011,0,2009,989,584,132,8,152,47,6857,WAC,,
103,0,287,2,148,Purdue,24,2009,14,8,13,,0,201,Curtis Painter,QB,0-8-0,6,23,0,109,1,6,IND,2013,1681,2009,1648,987,225,13,348,67,11163,Big Ten,,
104,1,6027,120,3940,Boston Col.,23,2008,169,169,131,,4,3,Matt Ryan,QB,99-70-0,1,373,7,1120,11,284,ATL,2018,45479,2008,1347,807,168,11,58,56,9313,ACC,,
105,0,5670,86,3499,Delaware,23,2008,163,163,136,,0,18,Joe Flacco,QB,96-67-0,1,345,16,811,11,212,BAL,2018,38245,2008,4,1,6,0,0,0,11,Big East,,
106,0,52,0,27,Louisville,22,2009,3,2,5,,0,56,Brian Brohm,QB,0-2-0,2,3,0,-3,0,0,GNB,2010,252,2008,1185,780,172,9,44,71,10775,Big East,,
107,0,1956,27,1159,Michigan,23,2008,67,53,63,,0,57,Chad Henne,QB,18-35-0,2,122,3,355,3,58,MIA,2017,12931,2008,1387,828,180,3,-315,87,9715,Big Ten,,
108,0,6,0,4,San Diego St.,23,2008,2,0,0,,0,94,Kevin O'Connell,QB,,3,3,0,-6,0,0,NWE,2008,23,2008,1151,664,395,19,1312,46,7689,MWC,,
110,0,59,2,35,Oregon,23,2008,4,3,2,,0,156,Dennis Dixon,QB,2-1-0,5,10,1,56,0,1,PIT,2014,402,2008,695,444,258,12,1208,38,5129,Pac-10,,
112,0,,,,Tennessee,22,,,,,,0,162,Erik Ainge,QB,,5,,,,0,,NYJ,,,2008,1210,733,82,1,-227,72,8700,SEC,,
113,0,,,,Hawaii,25,,,,,,0,186,Colt Brennan,QB,,6,,,,0,,WAS,,,2008,1584,1115,267,15,547,131,14193,WAC,,
114,0,,,,Kentucky,24,,,,,,0,198,Andre Woodson,QB,,6,,,,0,,NYG,,,2008,1278,791,232,5,-490,79,9360,SEC,,
115,0,357,8,219,LSU,23,2008,53,7,11,,0,209,Matt Flynn,QB,3-4-0,7,65,1,69,0,17,GNB,2014,2541,2008,437,245,128,5,340,31,3096,SEC,,
116,0,,,,Washington St.,23,,,,,,0,223,Alex Brink,QB,,7,,,,0,,HOU,,,2008,1451,848,246,5,98,76,10913,Pac-10,,
117,0,680,6,354,LSU,22,2007,31,25,23,,0,1,JaMarcus Russell,QB,7-18-0,1,40,1,175,2,18,OAK,2009,4083,2007,797,493,139,4,79,52,6625,SEC,,
118,0,550,2,296,Notre Dame,22,2007,24,20,17,,0,22,Brady Quinn,QB,4-16-0,1,44,1,185,2,12,CLE,2012,3043,2007,1602,929,254,6,182,95,11762,Ind,,
119,0,755,12,449,Houston,23,2007,34,21,25,,0,36,Kevin Kolb,QB,9-12-0,2,69,2,229,1,28,PHI,2012,5206,2007,1565,964,472,21,751,85,12964,CUSA,,
120,0,239,4,140,BYU,26,2007,9,7,7,,0,40,John Beck,QB,0-7-0,2,19,3,55,0,3,MIA,2011,1417,2007,1418,885,267,9,38,79,11021,MWC,,
121,0,659,10,345,Michigan St.,23,2008,38,17,24,,0,43,Drew Stanton,QB,11-6-0,2,80,2,220,1,20,DET,2017,4059,2007,846,543,332,15,1512,42,6524,Big Ten,,
122,0,929,17,563,Stanford,23,2007,38,33,30,,0,92,Trent Edwards,QB,14-19-0,3,78,3,330,2,26,BUF,2012,6033,2007,865,487,226,2,199,36,5429,Pac-10,,
123,0,,0,,Washington,23,2007,22,2,,,0,103,Isaiah Stanback,QB,,4,,,,0,,DAL,2012,,2007,523,269,234,11,794,22,3868,Pac-10,,
125,0,234,6,121,Ohio St.,23,2007,20,8,5,,0,174,Troy Smith,QB,4-4-0,5,52,3,230,0,8,BAL,2010,1734,2007,670,420,293,14,1168,54,5720,Big Ten,,
126,0,18,0,11,Texas-El Paso,23,2008,5,0,2,,0,205,Jordan Palmer,QB,,6,2,0,3,0,0,WAS,2014,66,2007,1427,851,216,7,-43,88,11084,CUSA,,
128,0,1304,33,755,Texas,23,2006,60,50,51,,2,3,Vince Young,QB,31-19-0,1,282,12,1459,4,46,TEN,2011,8964,2006,718,444,457,37,3127,44,6040,Big 12,,
129,0,641,12,366,USC,23,2006,33,18,21,,0,10,Matt Leinart,QB,8-10-0,1,47,2,89,1,15,ARI,2012,4065,2006,1245,807,132,9,-70,99,10693,Pac-10,,
130,0,4920,87,3048,Vanderbilt,23,2006,153,153,160,,1,11,Jay Cutler,QB,74-79-0,1,386,9,1682,10,227,DEN,2017,35133,2006,1242,710,453,17,1256,59,8697,SEC,,
131,0,638,10,350,Oregon,23,2006,64,21,21,,0,49,Kellen Clemens,QB,8-13-0,2,85,3,227,2,16,NYJ,2017,4053,2006,1005,613,273,6,535,61,7555,Pac-10,,
132,0,1073,21,640,Alabama St.,23,2006,59,34,35,,0,64,Tarvaris Jackson,QB,17-17-0,2,171,6,636,2,39,MIN,2015,7263,2006,48,17,21,0,-2,1,196,SEC,,
133,0,396,7,219,Clemson,24,2006,26,9,8,,0,81,Charlie Whitehurst,QB,2-7-0,3,56,2,156,0,11,SDG,2016,2463,2006,1368,817,266,10,98,49,9665,ACC,,
134,0,319,2,181,Alabama,23,2006,18,10,9,,0,85,Brodie Croyle,QB,0-10-0,3,10,0,15,0,8,KAN,2010,1669,2006,869,488,183,4,-177,41,6382,SEC,,
135,0,10,17,4,Missouri,22,2006,127,24,2,,0,103,Brad Smith,QB,,4,134,4,972,1,1,NYJ,2014,51,2006,1454,818,779,44,4193,56,8644,Big 12,,
137,0,,,,Bowling Green,,,,,,,0,164,Omar Jacobs,QB,,5,,,,0,,PIT,,,2006,811,523,153,7,451,71,6938,MAC,,
138,0,,0,,Texas A&M,22,2006,7,0,,,0,193,Reggie McNeal,QB,,6,1,0,8,0,,CIN,2006,,2006,875,478,411,15,1889,44,6992,Big 12,,
139,0,709,8,375,Toledo,23,2006,37,20,24,,0,194,Bruce Gradkowski,QB,6-14-0,6,88,0,329,1,21,TAM,2014,4057,2006,1123,766,248,14,1018,85,9225,MAC,,
140,0,,,,Georgia,,,,,,,0,223,D.J. Shockley,QB,,7,,,,0,,ATL,,,2006,443,240,154,7,643,34,3555,SEC,,
141,0,4941,93,3082,Utah,21,2005,166,161,101,,3,1,Alex Smith,QB,94-66-1,1,570,15,2601,11,193,SFO,2018,34068,2005,587,389,286,15,1072,47,5203,MWC,,
142,2,5280,128,3426,California,21,2005,159,152,79,,6,24,Aaron Rodgers,QB,98-53-1,1,554,25,2818,10,332,GNB,2018,41575,2005,665,424,160,8,336,43,5469,Pac-10,,
143,0,2518,47,1519,Auburn,23,2006,90,79,60,,0,25,Jason Campbell,QB,32-47-0,1,240,6,1204,5,87,WAS,2014,16771,2005,854,552,249,9,307,45,7299,SEC,,
144,0,677,8,419,Akron,24,2005,26,23,29,,0,67,Charlie Frye,QB,7-16-0,3,72,4,347,1,17,CLE,2009,4154,2005,1436,913,375,19,429,64,11049,MAC,,
145,0,333,1,174,Arizona St.,23,2006,15,9,16,,0,69,Andrew Walter,QB,2-7-0,3,19,0,49,1,3,OAK,2008,1919,2005,1416,777,175,0,-475,85,10617,Pac-10,,
146,0,,,,Georgia,,,,,,,0,85,David Greene,QB,,3,,,,0,,SEA,,,2005,1440,849,204,5,-258,72,11528,SEC,,
147,0,2712,41,1613,Purdue,22,2005,87,82,69,,0,106,Kyle Orton,QB,42-40-0,4,126,4,296,5,101,CHI,2014,18037,2005,1336,786,271,6,316,63,9337,Big Ten,,
148,0,,,,Louisville,,,,,,,0,121,Stefan Lefors,QB,,4,,,,0,,CAR,,,2005,630,416,146,6,756,38,5853,CUSA,,
149,0,512,7,298,Connecticut,22,2005,27,12,13,,0,145,Dan Orlovsky,QB,2-10-0,5,13,0,34,0,15,DET,2015,3132,2005,1567,916,143,6,-285,84,10706,Big East,,
151,0,1674,22,909,Oregon St.,22,2006,78,49,64,,1,213,Derek Anderson,QB,20-28-0,6,102,5,226,3,60,BAL,2018,10878,2005,1515,768,182,8,-533,79,11249,Pac-10,,
152,0,,,,Tulsa,,,,,,,0,229,James Kilian,QB,,7,,,,0,,KAN,,,2005,758,410,329,19,1083,36,4865,WAC,,
153,0,2672,46,1573,USC,23,2005,107,81,82,,1,230,Matt Cassel,QB,36-45-0,7,267,5,1011,5,104,NWE,2018,17463,2005,33,20,11,0,32,0,192,Pac-10,,
155,0,7760,112,4675,Mississippi,23,2004,226,224,234,,4,1,Eli Manning,QB,114-110-0,1,308,6,558,14,352,SDG,2018,54478,2004,1363,829,128,5,-135,81,10119,SEC,,
156,0,6807,134,4382,North Carolina St.,22,2004,206,202,172,,7,4,Philip Rivers,QB,113-89-0,1,348,3,569,13,365,NYG,2018,53208,2004,1710,1087,252,17,96,95,13484,ACC,,
157,0,6909,120,4435,Miami (OH),22,2004,210,208,184,,6,11,Ben Roethlisberger,QB,142-65-1,1,460,19,1328,15,352,PIT,2018,54267,2004,1304,854,269,7,246,84,10829,MAC,,
158,0,952,19,564,Tulane,23,2004,45,33,34,,0,22,J.P. Losman,QB,10-23-0,1,105,3,490,2,33,BUF,2011,6271,2004,987,570,237,10,241,60,6754,CUSA,,
159,0,3281,69,2098,Virginia,23,2004,147,92,90,,2,90,Matt Schaub,QB,47-45-0,3,190,4,360,7,133,ATL,2018,24887,2004,1069,716,132,5,58,56,7502,ACC,,
160,0,356,8,216,Louisiana Tech,23,2004,62,10,15,,0,106,Luke McCown,QB,2-8-0,4,34,0,177,0,9,CLE,2015,2370,2004,1775,1063,274,10,65,87,12666,WAC,,
161,0,127,1,59,Ohio St.,23,2004,6,5,6,,0,148,Craig Krenzel,QB,3-2-0,5,18,0,41,0,3,CHI,2004,718,2004,577,328,247,6,600,28,4489,Big Ten,,
162,0,,0,,Delaware,23,2005,1,0,,,0,185,Andy Hall,QB,,6,,,,0,,PHI,2005,,2004,43,19,24,1,83,1,299,ACC,,
163,0,,,,Bowling Green,,,,,,,0,187,Josh Harris,QB,,6,,,,0,,BAL,,,2004,1028,627,596,43,2473,55,7503,MAC,,
164,0,156,5,99,Wisconsin,23,2004,16,0,1,,0,193,Jim Sorgi,QB,,6,31,0,0,0,6,IND,2009,929,2004,519,288,138,4,-32,33,4498,Big Ten,,
165,0,,,,Michigan St.,,,,,,,0,201,Jeff Smoker,QB,,6,,,,0,,STL,,,2004,1150,685,255,7,-218,61,8932,Big Ten,,
166,0,64,0,32,Michigan,23,2004,2,1,5,,0,202,John Navarre,QB,0-1-0,7,,,,0,2,ARI,2005,342,2004,1327,744,144,2,-241,70,9014,Big Ten,,
167,0,45,1,18,Washington,24,2004,6,2,4,,0,217,Cody Pickett,QB,0-2-0,7,14,0,47,0,0,SFO,2005,195,2004,1373,792,249,11,-186,53,9916,Pac-10,,
169,0,27,1,15,LSU,25,2005,2,1,1,,0,225,Matt Mauck,QB,0-1-0,7,7,0,39,0,0,DEN,2005,136,2004,529,310,149,5,345,37,3831,SEC,,
170,0,,,,Texas Tech,,,,,,,0,248,B.J. Symons,QB,,7,,,,0,,HOU,,,2004,822,529,100,6,208,59,6378,Big 12,,
171,0,8,0,2,Colorado St.,24,2005,3,0,0,,0,250,Bradlee Van Pelt,QB,,7,11,1,48,0,0,DEN,2005,7,2004,778,424,420,25,2274,37,6165,MWC,,
172,0,6307,108,3941,USC,23,2004,182,181,187,,3,1,Carson Palmer,QB,92-88-1,1,301,8,474,11,294,CIN,2017,46247,2003,1569,927,255,9,-197,72,11818,Pac-10,,
173,0,1605,33,930,Marshall,23,2003,60,50,42,,0,7,Byron Leftwich,QB,24-26-0,1,137,10,415,3,58,JAX,2012,10532,2003,1442,939,190,6,181,89,11903,MAC,,
174,0,1519,17,861,California,22,2003,67,47,54,,0,19,Kyle Boller,QB,20-27-0,1,176,2,572,4,48,BAL,2011,8931,2003,1301,622,275,6,-169,64,7980,Pac-10,,
175,0,1562,23,863,Florida,23,2003,54,47,60,,0,22,Rex Grossman,QB,25-22-0,1,81,4,106,2,56,CHI,2012,10232,2003,1110,677,119,6,-133,77,9164,SEC,,
176,0,40,1,20,Louisville,23,2003,2,2,1,,0,88,Dave Ragone,QB,0-2-0,3,6,0,51,0,0,HOU,2003,135,2003,1180,685,326,9,597,74,8564,CUSA,,
177,0,511,8,297,Texas,23,2004,23,16,18,,0,97,Chris Simms,QB,7-9-0,3,33,1,48,1,12,TAM,2009,3117,2003,911,535,159,10,-137,58,7097,Big 12,,
178,0,788,14,468,Iowa St.,23,2005,64,22,19,,0,110,Seneca Wallace,QB,6-16-0,4,68,1,293,1,31,SEA,2013,4947,2003,712,411,237,15,912,26,5289,Big 12,,
179,0,33,0,15,Boston Col.,23,2004,3,1,3,,0,163,Brian St. Pierre,QB,0-1-0,5,5,0,-1,0,2,PIT,2010,185,2003,803,457,172,2,419,48,5837,Big East,,
180,0,20,0,11,Michigan,23,2004,9,1,1,,0,192,Drew Henson,QB,1-0-0,6,1,0,7,0,1,HOU,2008,98,2003,351,196,60,4,74,22,2631,Big Ten,,
181,0,360,6,211,Wisconsin,23,2004,21,10,9,,0,200,Brooks Bollinger,QB,2-8-0,6,41,0,155,1,9,NYJ,2008,2226,2003,771,414,518,26,1767,38,5627,Big Ten,,
182,0,2,0,1,Texas Tech,24,2005,1,0,0,,0,201,Kliff Kingsbury,QB,,6,,,,0,0,NWE,2005,17,2003,1883,1231,273,5,-166,95,12429,Big 12,,
183,0,2,0,1,Indiana,22,2003,1,0,0,,0,232,Gibran Hamdan,QB,,7,,,,0,0,WAS,2003,7,2003,299,155,57,1,-43,10,2172,Big Ten,,
184,0,408,1,214,Miami (FL),22,2004,17,13,18,,0,241,Ken Dorsey,QB,2-11-0,7,11,0,18,0,8,SFO,2008,2082,2003,1153,668,59,2,-79,86,9565,Big East,,
185,0,2267,44,1353,Fresno St.,23,2002,94,79,71,,0,1,David Carr,QB,23-56-0,1,305,9,1328,5,65,HOU,2012,14452,2002,901,565,177,9,95,65,7458,WAC,,
186,0,2538,30,1424,Oregon,23,2002,81,76,85,,0,3,Joey Harrington,QB,26-50-0,1,142,0,402,6,79,DET,2007,14693,2002,928,512,145,18,210,59,6911,Pac-10,,
187,0,913,14,511,Tulane,23,2002,37,24,30,,0,32,Patrick Ramsey,QB,10-14-0,1,47,2,89,1,35,WAS,2008,5930,2002,1355,798,152,4,-128,72,9205,CUSA,,
188,0,2552,39,1538,Sam Houston St.,23,2002,96,74,80,,0,81,Josh McCown,QB,23-51-0,3,242,13,1080,5,97,ARI,2018,17303,2002,664,340,198,4,201,27,4022,WAC,,
189,0,2281,61,1406,East Carolina,24,2002,86,76,54,,1,108,David Garrard,QB,39-37-0,4,380,17,1746,5,89,JAX,2010,16003,2002,1169,666,516,21,1209,60,9029,CUSA,,
190,0,19,0,8,LSU,24,2002,7,0,0,,0,117,Rohan Davey,QB,,4,6,0,-5,0,0,NWE,2004,88,2002,478,286,66,0,77,29,4415,SEC,,
191,0,44,1,15,Stanford,23,2002,4,1,4,,0,137,Randy Fasani,QB,0-1-0,5,18,0,95,0,0,CAR,2002,171,2002,369,188,127,6,317,25,2973,Pac-10,,
192,0,114,1,44,Illinois,22,2003,7,4,6,,0,158,Kurt Kittner,QB,1-3-0,5,8,0,13,0,2,ATL,2003,391,2002,1229,668,192,7,168,66,8460,Big Ten,,
193,0,,,,BYU,,,,,,,0,163,Brandon Doman,QB,,5,,,,0,,SFO,,,2002,504,313,184,11,673,35,4354,MWC,,
194,0,48,1,30,LSU,23,2003,7,0,0,,0,164,Craig Nall,QB,,5,10,0,11,0,5,GNB,2007,402,2002,79,35,16,0,-65,0,431,SEC,,
196,0,,,,Ohio St.,,,,,,,0,205,Steve Bellisari,QB,,6,,,,0,,STL,,,2002,724,365,295,5,608,33,5558,Big Ten,,
198,0,,,,Southern Miss,23,,,,,,0,232,Jeff Kelly,QB,,7,,,,0,,SEA,,,2002,975,571,296,8,18,51,7095,CUSA,,
200,0,3217,93,1807,Virginia Tech,21,2001,143,115,88,,4,1,Michael Vick,QB,61-51-1,1,873,36,6109,7,133,ATL,2015,22464,2001,343,192,235,17,1299,21,3299,Big East,,
201,1,9650,159,6494,Purdue,22,2001,260,259,230,,11,32,Drew Brees,QB,152-107-0,2,464,21,760,17,517,SDG,2018,73580,2001,1678,1026,253,14,900,90,11792,Big Ten,,
202,0,960,17,542,Georgia,23,2001,38,34,37,,0,53,Quincy Carter,QB,18-16-0,2,152,3,518,2,32,DAL,2004,6337,2001,853,483,251,11,606,35,6447,SEC,,
203,0,90,1,49,Washington,22,2001,13,2,7,,0,59,Marques Tuiasosopo,QB,0-2-0,2,17,0,79,0,2,OAK,2008,554,2001,761,418,346,20,1374,31,5501,Pac-10,,
204,0,709,9,386,Florida St.,29,2001,29,20,26,,0,106,Chris Weinke,QB,2-18-0,4,54,6,148,1,15,CAR,2007,3904,2001,1107,650,110,2,-366,79,9839,ACC,,
205,0,562,13,351,Iowa St.,23,2002,44,12,29,,0,109,Sage Rosenfels,QB,6-6-0,4,48,1,95,0,30,WAS,2010,4156,2001,587,306,164,14,660,18,4164,Big 12,,
206,0,120,1,63,Florida,22,2002,8,3,4,,0,125,Jesse Palmer,QB,0-3-0,4,5,0,20,0,3,NYG,2003,562,2001,479,254,67,6,-124,31,3755,SEC,,
207,0,515,6,229,Rutgers,22,2001,29,14,21,,0,149,Mike McMahon,QB,3-11-0,5,82,7,409,0,15,DET,2005,2867,2001,974,482,214,8,185,41,6608,Big East,,
208,0,762,7,425,Oregon,24,2001,28,18,31,,0,155,A.J. Feeley,QB,8-10-0,5,37,1,49,1,28,PHI,2011,4618,2001,282,149,37,1,0,15,2175,Pac-10,,
209,0,,,,LSU,,,,,,,0,172,Josh Booty,QB,,6,,,,0,,SEA,,,2001,623,307,53,0,-83,24,3951,SEC,,
210,0,,,,Oklahoma,,,,,,,0,177,Josh Heupel,QB,,6,,,,0,,MIA,,,2001,972,615,130,12,69,50,7066,Big 12,,
211,0,2471,55,1632,Marshall,24,2000,89,81,64,,0,18,Chad Pennington,QB,44-37-0,1,180,7,465,6,102,NYJ,2010,17823,2000,1334,848,168,4,61,107,11446,MAC,,
213,0,500,9,286,Louisville,23,2000,31,12,14,,0,75,Chris Redman,QB,4-8-0,3,33,0,25,0,21,BAL,2011,3179,2000,1679,1031,167,3,-412,84,12541,CUSA,,
214,0,16,0,6,Tennessee,22,2001,3,0,1,,0,163,Tee Martin,QB,,5,6,0,36,0,0,PIT,2003,69,2000,588,326,204,16,614,32,4592,SEC,,
215,0,3171,57,1969,West Virginia,23,2002,96,95,93,,2,168,Marc Bulger,QB,41-54-0,6,118,8,300,7,122,NOR,2009,22814,2000,1023,630,107,2,-326,59,8153,Big East,,
216,0,152,2,70,Texas St.,22,2000,10,3,7,,0,183,Spergon Wynn,QB,0-3-0,6,11,0,76,0,1,CLE,2001,585,2000,1,0,3,0,8,0,0,Big Ten,,
217,3,9176,171,5871,Michigan,23,2000,263,261,167,,13,199,Tom Brady,QB,203-58-0,6,576,19,996,17,505,NWE,2018,68907,2000,638,395,90,3,-150,30,4773,Big Ten,,
218,0,2,0,2,Stanford,22,2000,1,0,0,,0,202,Todd Husak,QB,,6,1,0,-1,0,0,WAS,2000,-2,2000,872,465,99,3,-136,41,6564,Pac-10,,
220,0,714,12,432,Louisiana Tech,23,2000,40,18,23,,0,212,Tim Rattay,QB,5-13-0,7,45,0,77,1,31,SFO,2007,4853,2000,1552,1015,153,2,-103,115,12746,Ind,,
221,0,22,0,11,Notre Dame,23,2000,5,1,1,,0,214,Jarious Jackson,QB,0-1-0,7,7,0,15,0,0,DEN,2003,114,2000,536,306,272,13,957,34,4820,Ind,,
222,0,0,0,0,Georgia Tech,23,2000,1,0,0,,0,234,Joe Hamilton,QB,,7,1,0,-2,0,0,TAM,2000,0,2000,1020,629,501,18,1758,65,8882,ACC,,
223,0,1714,30,1025,Kentucky,22,1999,62,59,67,,0,1,Tim Couch,QB,22-37-0,1,124,2,556,4,64,CLE,2003,11131,1999,1184,795,154,4,-275,74,8435,SEC,,
224,0,5374,107,3170,Syracuse,22,1999,167,161,117,,6,2,Donovan McNabb,QB,98-62-1,1,616,29,3459,11,234,PHI,2011,37276,1999,938,548,465,19,1561,77,8389,Big East,,
225,0,461,1,215,Oregon,24,1999,22,17,13,,0,3,Akili Smith,QB,3-14-0,1,70,1,371,1,5,CIN,2002,2212,1999,571,323,171,6,367,45,5148,Pac-10,,
226,0,3199,86,2016,Central Florida,22,1999,105,100,106,,3,11,Daunte Culpepper,QB,41-59-0,1,514,34,2652,5,149,MIN,2009,24153,1999,1097,721,371,19,1003,72,9341,Ind,,
227,0,515,7,281,UCLA,22,1999,25,15,19,,0,12,Cade McNown,QB,3-12-0,1,82,3,486,0,16,CHI,2000,3111,1999,1250,694,313,16,577,68,10708,Pac-10,,
228,0,738,18,415,Tulane,22,1999,34,24,24,,0,50,Shaun King,QB,14-10-0,2,113,5,454,0,27,TAM,2004,4566,1999,1201,669,369,20,1158,72,8695,CUSA,,
229,0,107,2,60,Washington,23,2000,8,4,2,,0,77,Brock Huard,QB,0-4-0,3,9,0,48,0,4,SEA,2003,689,1999,776,422,114,3,-39,51,5742,Pac-10,,
230,0,16,1,9,Ohio St.,24,1999,3,0,2,,0,101,Joe Germaine,QB,,4,3,0,0,0,1,STL,1999,136,1999,741,439,111,0,-276,56,6370,Big Ten,,
231,0,2963,65,1673,Virginia,23,2000,93,90,92,,0,131,Aaron Brooks,QB,38-52-0,4,362,13,1534,6,123,GNB,2006,20261,1999,651,357,199,14,547,33,5118,ACC,,
233,0,9,0,3,Kansas St.,23,2000,8,0,1,,0,227,Michael Bishop,QB,,7,7,0,-1,0,1,NWE,2000,80,1999,480,244,324,23,1314,36,4401,Big 12,,
235,0,10,0,6,Miami (FL),23,1999,4,1,0,,0,245,Scott Covington,QB,1-0-0,7,2,0,-4,0,0,CIN,2002,30,1999,497,281,80,2,-245,26,3862,Big East,,
236,7,9380,177,6125,Tennessee,22,1998,266,265,251,,14,1,Peyton Manning,QB,186-79-0,1,431,18,667,17,539,IND,2015,71940,1998,1381,863,153,12,-181,89,11201,SEC,,
237,0,655,1,317,Washington St.,22,1998,25,21,36,,0,2,Ryan Leaf,QB,4-17-0,1,59,0,127,0,14,SDG,2001,3666,1998,880,473,173,14,-171,59,7433,Pac-10,,
238,0,1604,33,908,East. Michigan,23,1998,81,55,52,,0,60,Charlie Batch,QB,25-30-0,2,172,6,637,4,61,DET,2012,11085,1998,998,579,181,5,123,53,7592,MAC,,
239,0,223,4,117,Middle Tenn. St.,23,1998,17,6,7,,0,86,Jonathan Quinn,QB,1-5-0,3,25,1,151,0,4,JAX,2004,1161,1998,68,33,18,0,-92,2,379,Ind,,
240,0,2796,53,1752,Michigan,23,1998,93,83,99,,1,91,Brian Griese,QB,45-38-0,3,238,5,582,4,119,DEN,2008,19440,1998,516,307,85,4,-81,27,3663,Big Ten,,
241,0,,,,Nevada,,,,,,,0,172,John Dutton,QB,,6,,,,0,,MIA,,,1998,701,447,71,2,-60,42,6276,Big West,,
242,0,5330,88,3222,Boston Col.,22,1999,209,160,153,,3,187,Matt Hasselbeck,QB,85-75-0,6,365,8,1231,11,212,GNB,2015,36638,1998,701,390,173,4,-188,22,4548,Big East,,
243,0,103,1,51,Colorado St.,23,1998,9,3,2,,0,232,Moses Moreno,QB,0-3-0,7,9,0,29,0,1,CHI,2000,485,1998,787,457,169,4,-246,49,6689,WAC,,
244,0,52,1,21,Virginia Tech,24,1997,6,1,4,,0,26,Jim Druckenmiller,QB,1-0-0,1,13,0,-10,0,1,SFO,1998,239,1997,582,313,142,0,246,34,4383,Big East,,
245,0,4350,77,2484,Arizona St.,22,1997,143,136,161,,1,42,Jake Plummer,QB,69-67-0,2,428,17,1853,10,161,ARI,2006,29253,1997,1107,613,289,5,-113,64,8626,Pac-10,,
246,0,350,6,184,Florida,23,1997,25,10,22,,0,99,Danny Wuerffel,QB,4-6-0,4,31,1,189,0,12,NOR,2002,2123,1997,1170,708,185,8,-375,114,10875,SEC,,
247,0,,0,,California,22,1999,1,0,,,0,110,Pat Barnes,QB,,4,,,,0,,KAN,1999,,1997,912,522,171,2,-358,51,7047,Pac-10,,
248,0,1,0,0,Murray St.,23,1997,2,0,0,,0,171,Mike Cherry,QB,,6,4,0,-5,0,0,NYG,1998,0,1997,40,21,9,0,-9,1,242,SEC,,
249,0,,0,,Houston,23,1997,1,0,,,0,191,Chuck Clements,QB,,6,2,0,-3,0,,NYJ,1997,,1997,1192,683,92,0,-219,43,7112,CUSA,,
250,0,174,3,85,Oregon,23,1997,18,5,8,,0,204,Tony Graziani,QB,2-3-0,7,16,0,51,0,2,ATL,1999,999,1997,666,360,126,5,335,24,4482,Pac-10,,
251,0,354,4,184,Colorado,24,1998,104,8,14,,0,207,Koy Detmer,QB,3-5-0,7,31,1,30,0,10,PHI,2006,1944,1997,594,350,76,3,-31,40,5390,Big 12,,
252,0,2,0,1,Penn St.,23,1998,1,0,0,,0,234,Wally Richardson,QB,,7,1,0,0,0,0,BAL,1998,1,1997,692,378,81,1,-237,27,4419,Big Ten,,
254,0,,,,Army,,,,,,,0,240,Ron McAda,QB,,7,,,,0,,GNB,,,1997,297,162,358,16,1778,13,2333,Ind,,
